cell_id,Longitude,Latitude,population,average_infected,geometry
-9.203901165702088e+18,-2.2865513,53.4123151,71.0,2.0,POINT (-254537.7250196764 7059632.221383607)
-9.191006981421672e+18,-2.262542,53.4222578,91.0,6.0,POINT (-251865.0219671313 7061489.349840532)
-9.138741663229698e+18,-2.2444902,53.423195,172.0,1.0,POINT (-249855.5047818688 7061664.42537001)
-9.115759044473532e+18,-2.2895356,53.4087125,113.0,6.0,POINT (-254869.9357764465 7058959.423691779)
-9.079078786806893e+18,-2.2790058,53.4087376,63.0,29.0,POINT (-253697.7638015219 7058964.111004166)
-9.022927791816161e+18,-2.265658,53.4393291,39.0,1.0,POINT (-252211.8934998272 7064678.99363691)
-9.012056442493738e+18,-2.2640579,53.4240521,82.0,3.0,POINT (-252033.7711832465 7061824.541036999)
-8.994877886770574e+18,-2.2865332,53.4096186,58.0,6.0,POINT (-254535.7101370248 7059128.63555697)
-8.943984299139856e+18,-2.2579624,53.4114815,81.0,1.0,POINT (-251355.2232272938 7059476.538706549)
-8.927705407691117e+18,-2.2640523,53.4231533,82.0,1.0,POINT (-252033.1477941421 7061656.635435835)
-8.915562401775263e+18,-2.2671747,53.4411234,50.0,1.0,POINT (-252380.7317715355 7065014.319491465)
-8.858654685558745e+18,-2.2970632,53.4095928,36.0,1.0,POINT (-255707.9043758484 7059123.817422973)
-8.85327827465327e+18,-2.2610593,53.4258565,69.0,2.0,POINT (-251699.9685578462 7062161.633269839)
-8.820616222601541e+18,-2.2760031,53.4096434,58.0,23.0,POINT (-253363.5047662531 7059133.266944334)
-8.805924310384728e+18,-2.2880739,53.415008,49.0,1.0,POINT (-254707.2200763365 7060135.166754689)
-8.764412734895832e+18,-2.2490255,53.426781,25.0,2.0,POINT (-250360.372068616 7062334.350944178)
-8.674580639741198e+18,-2.2910768,53.4141019,93.0,1.0,POINT (-255041.5013755036 7059965.933447234)
-8.67151610681658e+18,-2.2746727,53.4366121,152.0,1.0,POINT (-253215.4053142733 7064171.25692449)
-8.652780654463675e+18,-2.2744988,53.4096469,48.0,13.0,POINT (-253196.046856143 7059133.920567767)
-8.60330854372324e+18,-2.2566422,53.4420454,48.0,1.0,POINT (-251208.2592339417 7065186.631992487)
-8.560197662277663e+18,-2.2430932,53.4420738,68.0,1.0,POINT (-249699.9914521952 7065191.939725298)
-8.45694722818832e+18,-2.2895601,53.4123079,48.0,3.0,POINT (-254872.6631037952 7059630.876702536)
-8.423996675839226e+18,-2.2895051,53.4042183,94.0,3.0,POINT (-254866.5405321971 7058120.196568013)
-8.332816056464968e+18,-2.2611475,53.4402379,69.0,1.0,POINT (-251709.7869362303 7064848.831992262)
-8.304408661760649e+18,-2.2445883,53.440273,175.0,1.0,POINT (-249866.4252230781 7064855.391622935)
-8.275522262796307e+18,-2.2490098,53.4240845,40.0,1.0,POINT (-250358.6243527429 7061830.593775026)
-8.213486230766194e+18,-2.2834349,53.3961431,78.0,1.0,POINT (-254190.8089591398 7056612.491989694)
-8.20875608847401e+18,-2.264069,53.4258498,76.0,1.0,POINT (-252035.0068295065 7062160.381570847)
-8.174700728232592e+18,-2.2925689,53.4123005,58.0,2.0,POINT (-255207.6011879141 7059629.494669445)
-8.164340207879609e+18,-2.2880922,53.4177045,40.0,1.0,POINT (-254709.2572228863 7060638.816399131)
-8.146062154448887e+18,-2.2745278,53.4141411,3.0,1.0,POINT (-253199.2751211561 7059973.254800186)
-8.105822237240066e+18,-2.2837461,53.4428829,81.0,1.0,POINT (-254225.4515823907 7065343.15553711)
-8.044260108193428e+18,-2.2776715,53.4348075,63.0,1.0,POINT (-253549.2302035721 7063834.042009055)
-8.020871435163159e+18,-2.2430675,53.4375796,78.0,1.0,POINT (-249697.1305415021 7064352.053816702)
-7.989944672489216e+18,-2.2445418,53.4321834,141.0,1.0,POINT (-249861.2488671527 7063343.717530105)
-7.932639458173423e+18,-2.3076127,53.4122627,63.0,1.0,POINT (-256882.2693446116 7059622.435098782)
-7.879861645262225e+18,-2.2341001,53.4492825,146.0,1.0,POINT (-248698.8841385315 7066539.30288108)
-7.804035194133021e+18,-2.2340308,53.4366988,95.0,1.0,POINT (-248691.1696984367 7064187.458400227)
-7.794366501935088e+18,-2.2686857,53.4420189,96.0,1.0,POINT (-252548.9355221902 7065181.679357671)
-7.794109970716496e+18,-2.2400367,53.4339903,80.0,1.0,POINT (-249359.7434287628 7063681.341394451)
-7.727797502955529e+18,-2.2566368,53.4411466,73.0,1.0,POINT (-251207.6581087354 7065018.655291528)
-7.723075234608945e+18,-2.3031316,53.4167684,62.0,1.0,POINT (-256383.435573868 7060463.968933824)
-7.687502650302206e+18,-2.2354168,53.4151235,75.0,1.0,POINT (-248845.4585138452 7060156.739077123)
-7.676717327526175e+18,-2.2414806,53.4232011,117.0,3.0,POINT (-249520.4776421582 7061665.564905381)
-7.653002929335693e+18,-2.2940981,53.4158922,89.0,1.0,POINT (-255377.8309531697 7060300.313250815)
-7.640988434495872e+18,-2.2894685,53.3988252,84.0,3.0,POINT (-254862.4662390977 7057113.229828173)
-7.625449010453911e+18,-2.2790411,53.4141306,81.0,8.0,POINT (-253701.693379283 7059971.293722841)
-7.559990922938914e+18,-2.2699916,53.410556,34.0,7.0,POINT (-252694.307646866 7059303.696410693)
-7.453270831568163e+18,-2.2384257,53.4151176,74.0,1.0,POINT (-249180.407729912 7060155.637112917)
-7.44977636304333e+18,-2.244485,53.4222961,111.0,1.0,POINT (-249854.9259205607 7061496.504473212)
-7.392318821772542e+18,-2.2639576,53.407873,53.0,3.0,POINT (-252022.6058391127 7058802.652423253)
-7.356423982893709e+18,-2.2925997,53.4167947,61.0,1.0,POINT (-255211.0298280111 7060468.881271247)
-7.356249526671362e+18,-2.2760264,53.4132388,61.0,11.0,POINT (-253366.0985102127 7059804.734650483)
-7.35499035795631e+18,-2.2865815,53.4168093,85.0,5.0,POINT (-254541.0868680788 7060471.608273561)
-7.307347436380393e+18,-2.2804568,53.4006444,77.0,7.0,POINT (-253859.2883831688 7057452.885491964)
-7.291662867618131e+18,-2.2850529,53.4132176,79.0,5.0,POINT (-254370.9238945179 7059800.775226433)
-7.228877635684442e+18,-2.2324912,53.4304098,128.0,1.0,POINT (-248519.7822106107 7063012.329814343)
-7.166893108748075e+18,-2.2910092,53.4042146,91.0,4.0,POINT (-255033.9761784092 7058119.505682835)
-7.159251724399908e+18,-2.2850469,53.4123187,110.0,12.0,POINT (-254370.2559776171 7059632.893724226)
-7.128910767788945e+18,-2.2475259,53.427683,258.0,3.0,POINT (-250193.4373600686 7062502.868725976)
-7.052747773546209e+18,-2.2744062,53.3952654,56.0,1.0,POINT (-253185.738672 7056448.635601166)
-7.033744925809632e+18,-2.2910461,53.4096077,88.0,4.0,POINT (-255038.0838673558 7059126.599988373)
-6.993816095967598e+18,-2.2820262,53.4105282,78.0,13.0,POINT (-254033.9931916456 7059298.504663656)
-6.979345056475913e+18,-2.2474841,53.4204923,75.0,3.0,POINT (-250188.7842057062 7061159.552546713)
-6.969419558405829e+18,-2.2582022,53.4510305,168.0,1.0,POINT (-251381.9176392495 7066866.052379644)
-6.95426317223508e+18,-2.2656636,53.4402279,58.0,2.0,POINT (-252212.5168889316 7064846.963152606)
-6.95221439624471e+18,-2.2789411,53.3988503,74.0,1.0,POINT (-253690.5614309515 7057117.916051385)
-6.940811053869699e+18,-2.248994,53.421388,152.0,1.0,POINT (-250356.8655049205 7061326.868556052)
-6.92069540520715e+18,-2.2729254,53.3988642,68.0,1.0,POINT (-253020.8967697475 7057120.511212046)
-6.88246203398224e+18,-2.2986116,53.415881,79.0,1.0,POINT (-255880.2714751958 7060298.221348866)
-6.835733958918818e+18,-2.2804391,53.3979479,40.0,1.0,POINT (-253857.3180283137 7056949.437791575)
-6.821609640677654e+18,-2.2835126,53.4078281,11.0,5.0,POINT (-254199.4584830026 7058794.267722086)
-6.740637048820403e+18,-2.2400874,53.4429787,71.0,1.0,POINT (-249365.3873265053 7065361.060157912)
-6.729585906767553e+18,-2.2594613,53.4105794,75.0,3.0,POINT (-251522.0800121975 7059308.066445)
-6.710605221209262e+18,-2.2294666,53.4277191,63.0,1.0,POINT (-248183.0852786708 7062509.613248043)
-6.702516344764313e+18,-2.2761721,53.4357098,76.0,2.0,POINT (-253382.3177589226 7064002.647676795)
-6.69546045951744e+18,-2.2506098,53.4402605,34.0,1.0,POINT (-250536.7355373289 7064853.055571505)
-6.686144043772488e+18,-2.2474997,53.4231888,100.0,1.0,POINT (-250190.5207896302 7061663.267153894)
-6.661857503448317e+18,-2.2746379,53.4312191,60.0,1.0,POINT (-253211.5313962573 7063163.541494887)
-6.659140294330177e+18,-2.2894441,53.3952298,90.0,1.0,POINT (-254859.7500436982 7056441.989566392)
-6.646689016269981e+18,-2.2536742,53.4492425,99.0,1.0,POINT (-250877.8629846956 7066531.825933403)
-6.632703712065646e+18,-2.2445366,53.4312846,14.0,1.0,POINT (-249860.6700058447 7063175.779807946)
-6.613529891886863e+18,-2.2702026,53.4438132,141.0,2.0,POINT (-252717.7960577968 7065517.0264419)
-6.567357901915138e+18,-2.2474632,53.4168969,68.0,1.0,POINT (-250186.4576285251 7060487.970307071)
-6.547324626054116e+18,-2.2865271,53.4087197,81.0,3.0,POINT (-254535.031088175 7058960.768259199)
-6.543904441272119e+18,-2.2895112,53.4051171,41.0,2.0,POINT (-254867.2195810469 7058288.027431118)
-6.531712291690979e+18,-2.2189459,53.4304354,113.0,1.0,POINT (-247011.9263109837 7063017.112939551)
-6.52324729985443e+18,-2.3120798,53.4059591,136.0,1.0,POINT (-257379.5446425719 7058445.25537736)
-6.52243191502188e+18,-2.2369162,53.4142217,78.0,1.0,POINT (-249012.3709584942 7059988.308419515)
-6.420352827167487e+18,-2.2880861,53.4168057,70.0,1.0,POINT (-254708.5781740363 7060470.935861942)
-6.359262275304227e+18,-2.259516,53.4195678,51.0,5.0,POINT (-251528.1691879034 7060986.860418001)
-6.346906145086872e+18,-2.2564418,53.4087882,82.0,2.0,POINT (-251185.9508096162 7058973.56033553)
-6.319005833060257e+18,-2.2820143,53.4087305,80.0,8.0,POINT (-254032.6684897932 7058962.785110744)
-6.273292361791023e+18,-2.280516,53.4096329,5.0,1.0,POINT (-253865.8784965838 7059131.306074354)
-6.269426899360172e+18,-2.2655571,53.42315,80.0,1.0,POINT (-252200.6613639978 7061656.018966551)
-6.235169724405933e+18,-2.2791884,53.4366017,119.0,1.0,POINT (-253718.0907391787 7064169.313497091)
-6.186120769819027e+18,-2.2671182,53.432135,68.0,1.0,POINT (-252374.4422207452 7063334.674064498)
-6.104919003042739e+18,-2.262664,53.4420323,74.0,1.0,POINT (-251878.6029440403 7065184.183708471)
-6.054602705832648e+18,-2.2609546,53.4087784,47.0,2.0,POINT (-251688.3134079969 7058971.730226999)
-6.01535126902564e+18,-2.2805219,53.4105317,53.0,13.0,POINT (-253866.5352815355 7059299.158300686)
-5.993955562635391e+18,-2.291089,53.4158996,66.0,1.0,POINT (-255042.8594732034 7060301.695400621)
-5.992926100187957e+18,-2.3001415,53.4194726,63.0,1.0,POINT (-256050.5791640951 7060969.077732011)
-5.960869964861773e+18,-2.2864727,53.4006302,48.0,2.0,POINT (-254528.9753082715 7057450.23420974)
-5.944133414741827e+18,-2.2625531,53.4240555,35.0,2.0,POINT (-251866.2576133909 7061825.176200649)
-5.9333245812906e+18,-2.2609161,53.4024865,62.0,1.0,POINT (-251684.0276079099 7057796.831521678)
-5.846948052282024e+18,-2.270254,53.4519027,99.0,1.0,POINT (-252723.5178792284 7067029.095688266)
-5.762392094157265e+18,-2.2971134,53.4167836,24.0,1.0,POINT (-255713.4926139352 7060466.808002993)
-5.735252502786715e+18,-2.2610317,53.4213622,85.0,3.0,POINT (-251696.8961401204 7061322.049088475)
-5.682574701162925e+18,-2.2430059,53.4267934,127.0,1.0,POINT (-249690.2732613982 7062336.667572319)
-5.60825839492596e+18,-2.2834468,53.3979408,79.0,1.0,POINT (-254192.1336609923 7056948.112234349)
-5.57717648527482e+18,-2.2579297,53.4060884,60.0,1.0,POINT (-251351.5830802093 7058469.400038992)
-5.567781233092174e+18,-2.2880375,53.409615,71.0,3.0,POINT (-254703.1680471351 7059127.963259025)
-5.515627397525846e+18,-2.2550883,53.433959,120.0,1.0,POINT (-251035.2798774841 7063675.492787745)
-5.476011629126078e+18,-2.2549052,53.4033984,29.0,1.0,POINT (-251014.8972802182 7057967.101613021)
-5.441153801290022e+18,-2.2625364,53.4213589,93.0,3.0,POINT (-251864.3985780268 7061321.432645161)
-5.429919343774577e+18,-2.2550344,53.4249706,25.0,1.0,POINT (-251029.2797573707 7061996.130479337)
-5.300423288364413e+18,-2.2489572,53.4150961,119.0,1.0,POINT (-250352.7689479682 7060151.621481919)
-5.242367923424937e+18,-2.2729887,53.4087515,58.0,11.0,POINT (-253027.9432930302 7058966.706767988)
-5.237516961016422e+18,-2.2489993,53.4222868,83.0,2.0,POINT (-250357.4554981777 7061494.767185841)
-5.206174020966437e+18,-2.3000528,53.4068888,91.0,1.0,POINT (-256040.7051258757 7058618.863293202)
-5.149174110885967e+18,-2.2775308,53.4132353,56.0,1.0,POINT (-253533.567552272 7059804.080971845)
-5.106175553059e+18,-2.265473,53.4096673,39.0,3.0,POINT (-252191.2993954824 7059137.730259707)
-5.01517096297518e+18,-2.2775191,53.4114376,48.0,9.0,POINT (-253532.2651143177 7059468.340051479)
-4.949194335952387e+18,-2.2386222,53.4501724,163.0,1.0,POINT (-249202.2820081328 7066705.648099262)
-4.934546582166472e+18,-2.2415112,53.4285942,114.0,1.0,POINT (-249523.8840183118 7062673.108945117)
-4.919004851150366e+18,-2.2627195,53.4510207,115.0,1.0,POINT (-251884.7811753399 7066864.22045142)
-4.823199879787986e+18,-2.2761604,53.4339121,78.0,1.0,POINT (-253381.0153209682 7063666.729228549)
-4.816411199396185e+18,-2.2732021,53.4420086,86.0,1.0,POINT (-253051.6988707391 7065179.754372139)
-4.803263671620215e+18,-2.256523,53.4222709,84.0,1.0,POINT (-251194.9899516073 7061491.796985713)
-4.782145369997311e+18,-2.2730175,53.4132457,80.0,10.0,POINT (-253031.1492941451 7059806.023331372)
-4.756920689166903e+18,-2.2894868,53.4015217,290.0,3.0,POINT (-254864.5033856473 7057616.687908317)
-4.725598123552062e+18,-2.2879828,53.4015254,17.0,1.0,POINT (-254697.0788713842 7057617.378749764)
-4.701927272354987e+18,-2.227952,53.4259243,50.0,1.0,POINT (-248014.4807778943 7062174.299727445)
-4.69459286161336e+18,-2.2429803,53.4222992,119.0,1.0,POINT (-249687.4234826545 7061497.083569088)
-4.627353246679073e+18,-2.2490361,53.4285787,44.0,1.0,POINT (-250361.5520551303 7062670.213037374)
-4.540313691170692e+18,-2.2806937,53.4365981,113.0,2.0,POINT (-253885.6599687799 7064168.640772332)
-4.4540200037515366e+18,-2.2775367,53.4141341,6.0,2.0,POINT (-253534.2243372238 7059971.947415239)
-4.4389500475459543e+18,-2.2507688,53.4672257,98.0,1.0,POINT (-250554.4353350458 7069894.022414203)
-4.3964190133416095e+18,-2.2414449,53.4169092,43.0,1.0,POINT (-249516.5035366457 7060490.267718582)
-4.3597709761281167e+18,-2.2460313,53.4294838,115.0,2.0,POINT (-250027.0592489312 7062839.317139841)
-4.3474295811440113e+18,-2.2596037,53.4339493,84.0,1.0,POINT (-251537.9319065416 7063673.680281102)
-4.2825068014004966e+18,-2.2865755,53.4159105,68.0,2.0,POINT (-254540.4189511779 7060303.731270366)
-4.2325306436677504e+18,-2.2491202,53.4429602,10.0,1.0,POINT (-250370.9140236013 7065357.602581866)
-4.2108448585186744e+18,-2.277443,53.3997526,27.0,1.0,POINT (-253523.7937016402 7057286.379213425)
-4.2051853864152893e+18,-2.2566476,53.4429442,38.0,1.0,POINT (-251208.8603591479 7065354.612247033)
-4.1965457435103913e+18,-2.2429854,53.4231981,200.0,1.0,POINT (-249687.9912120134 7061665.004478131)
-4.182704147092e+18,-2.2580223,53.4213688,80.0,4.0,POINT (-251361.8912643076 7061323.281975256)
-4.0581403808230385e+18,-2.247552,53.4321772,27.0,1.0,POINT (-250196.3427985581 7063342.559069065)
-4.0197549610683766e+18,-2.2549321,53.4078926,144.0,1.0,POINT (-251017.8917743 7058806.312562838)
-3.905420946526376e+18,-2.2715131,53.4132491,30.0,3.0,POINT (-252863.6802520858 7059806.658333631)
-3.868089290279915e+18,-2.2835246,53.4096258,97.0,13.0,POINT (-254200.7943168043 7059129.980153021)
-3.8586562281414226e+18,-2.268629,53.4330305,34.0,1.0,POINT (-252542.6237075016 7063501.998534303)
-3.849554264315796e+18,-2.2880435,53.4105138,88.0,4.0,POINT (-254703.8359640359 7059295.815414726)
-3.774935843294849e+18,-2.2790352,53.4132318,87.0,6.0,POINT (-253701.0365943313 7059803.427293267)
-3.763400391122719e+18,-2.2610207,53.4195646,76.0,2.0,POINT (-251695.6716258098 7060986.262680017)
-3.669090793800193e+18,-2.2895662,53.4132067,66.0,2.0,POINT (-254873.3421526452 7059798.739485599)
-3.6205192113702426e+18,-2.2639409,53.4051764,69.0,3.0,POINT (-252020.7468037485 7058299.100508601)
-3.531350171022768e+18,-2.2701056,53.4285329,65.0,1.0,POINT (-252706.9980679366 7062661.656103229)
-3.439109546057392e+18,-2.2744351,53.3997596,68.0,1.0,POINT (-253188.9558050637 7057287.686156468)
-3.3821096928786816e+18,-2.2639743,53.4105695,39.0,3.0,POINT (-252024.4648744766 7059306.217584041)
-3.35049973545718e+18,-2.2624589,53.4087751,46.0,2.0,POINT (-251855.7713181069 7058971.113966057)
-3.2773367063657206e+18,-2.2882443,53.4401755,88.0,1.0,POINT (-254726.1889163391 7064837.170439982)
-3.273877110427586e+18,-2.2835605,53.4150188,83.0,2.0,POINT (-254204.7906862602 7060137.183904438)
-3.237651230923631e+18,-2.2911321,53.4221915,84.0,2.0,POINT (-255047.6573429495 7061476.964682194)
-3.201484322756806e+18,-2.2730118,53.4123469,77.0,9.0,POINT (-253030.5147730914 7059638.160394385)
-3.1864631728776515e+18,-2.2595928,53.4321516,34.0,1.0,POINT (-251536.7185241799 7063337.775747824)
-3.1518142298572744e+18,-2.2654282,53.4024765,34.0,1.0,POINT (-252186.3122826472 7057794.964340591)
-3.1311704062705833e+18,-2.2626473,53.4393358,81.0,1.0,POINT (-251876.7439086759 7064680.245732944)
-3.123651307932916e+18,-2.2864304,53.3943382,48.0,1.0,POINT (-254524.2664941189 7056275.541808611)
-3.108892039341574e+18,-2.245969,53.4186977,56.0,1.0,POINT (-250020.1240451839 7060824.333375715)
-3.1050062823920164e+18,-2.2971259,53.4185813,86.0,1.0,POINT (-255714.8841074824 7060802.591130149)
-3.066518883296057e+18,-2.2760147,53.4114411,63.0,10.0,POINT (-253364.7960722584 7059468.993702483)
-3.042966171065399e+18,-2.2460625,53.4348769,47.0,1.0,POINT (-250030.5324167794 7063847.01011104)
-3.0121220396274294e+18,-2.2880557,53.4123115,47.0,1.0,POINT (-254705.1940617359 7059631.549043041)
-3.003564523107645e+18,-2.2745162,53.4123434,76.0,17.0,POINT (-253197.9838151507 7059637.506729456)
-2.974098937060248e+18,-2.2550182,53.4222741,42.0,1.0,POINT (-251027.4763817519 7061492.39476175)
-2.9138053306744724e+18,-2.2715074,53.4123503,69.0,9.0,POINT (-252863.0457310323 7059638.795383221)
-2.874446714585473e+18,-2.2986621,53.4230717,39.0,1.0,POINT (-255885.8931091299 7061641.39184571)
-2.836670763106411e+18,-2.2880679,53.4141092,63.0,1.0,POINT (-254706.5521594356 7059967.296861941)
-2.8105864994281006e+18,-2.2776832,53.4366052,102.0,1.0,POINT (-253550.5326415265 7064169.967535107)
-2.752187985621703e+18,-2.2551421,53.4429475,113.0,1.0,POINT (-251041.2688656487 7065355.2290035)
-2.685298182123654e+18,-2.2385819,53.4429817,41.0,1.0,POINT (-249197.7958330062 7065361.620846063)
-2.657542443536927e+18,-2.2549483,53.4105891,71.0,1.0,POINT (-251019.6951499186 7059309.877955651)
-2.624142760926696e+18,-2.2774957,53.4078422,58.0,38.0,POINT (-253529.660238409 7058796.900778738)
-2.604661776284258e+18,-2.2865392,53.4105174,104.0,4.0,POINT (-254536.3780539256 7059296.487726868)
-2.5676764656950103e+18,-2.2895784,53.4150044,72.0,1.0,POINT (-254874.700250345 7060134.494371551)
-2.5108185425329475e+18,-2.2822943,53.450976,86.0,1.0,POINT (-254063.8379451522 7066855.864620893)
-2.5081149479666847e+18,-2.2701627,53.4375213,131.0,1.0,POINT (-252713.3544104214 7064341.159169303)
-2.454571912481395e+18,-2.2895723,53.4141055,54.0,2.0,POINT (-254874.0212014952 7059966.605816104)
-2.376948336219e+18,-2.309215,53.4257414,51.0,1.0,POINT (-257060.6365641629 7062140.130229433)
-2.3624962453081093e+18,-2.241501,53.4267965,164.0,1.0,POINT (-249522.7485595938 7062337.24672946)
-2.349880479014564e+18,-2.2867207,53.4374827,56.0,1.0,POINT (-254556.5825401877 7064333.945911825)
-2.326150663615604e+18,-2.2850589,53.4141164,82.0,3.0,POINT (-254371.5918114186 7059968.641599964)
-2.325822960345615e+18,-2.256458,53.4114847,76.0,1.0,POINT (-251187.7541852346 7059477.13633094)
-2.3049591291493612e+18,-2.261153,53.4411368,88.0,1.0,POINT (-251710.3991933856 7065016.823789489)
-2.287991079722066e+18,-2.2776421,53.4303133,80.0,1.0,POINT (-253545.9574107623 7062994.299700261)
-2.2871963205670208e+18,-2.2640411,53.4213556,92.0,8.0,POINT (-252031.9010159332 7061320.816201898)
-2.2383745192483064e+18,-2.2714272,53.3997665,3.0,1.0,POINT (-252854.1179084871 7057288.974429106)
-2.1490746238581056e+18,-2.2625586,53.4249543,66.0,1.0,POINT (-251866.8698705463 7061993.085364996)
-2.1394929152109847e+18,-2.2804509,53.3997456,99.0,2.0,POINT (-253858.6315982171 7057285.072270594)
-2.1177328223048553e+18,-2.2744004,53.3943665,79.0,1.0,POINT (-253185.0930189975 7056280.824921748)
-2.105733320797072e+18,-2.2641638,53.4411301,85.0,1.0,POINT (-252045.559916486 7065015.571640377)
-2.0702366833532457e+18,-2.2640802,53.4276475,85.0,1.0,POINT (-252036.2536077153 7062496.236306803)
-1.9846032505917617e+18,-2.2807708,53.448283,102.0,1.0,POINT (-253894.2427009499 7066352.474757316)
-1.978238725930452e+18,-2.2370113,53.4312998,128.0,1.0,POINT (-249022.9574412298 7063178.619846644)
-1.9027633952132849e+18,-2.268612,53.430334,86.0,2.0,POINT (-252540.7312762901 7062998.167296423)
-1.8830122026539249e+18,-2.2639464,53.4060753,91.0,2.0,POINT (-252021.3590609038 7058466.953824769)
-1.8385267469477489e+18,-2.2759449,53.400655,24.0,1.0,POINT (-253357.0259723292 7057454.864618712)
-1.820104726183334e+18,-2.2731386,53.4321214,68.0,1.0,POINT (-253044.6300835569 7063332.132927257)
-1.7602852208144878e+18,-2.2430726,53.4384784,97.0,1.0,POINT (-249697.6982708611 7064520.016416705)
-1.7498387580657093e+18,-2.2640467,53.4222545,108.0,1.0,POINT (-252032.5244050377 7061488.733384227)
-1.7131204018855127e+18,-2.2789528,53.400648,52.0,4.0,POINT (-253691.8638689059 7057453.557648167)
-1.703840922334194e+18,-2.2805397,53.4132283,106.0,4.0,POINT (-253868.5167683398 7059802.773614743)
-1.699115452075979e+18,-2.261142,53.4393391,78.0,1.0,POINT (-251709.1746790749 7064680.862437028)
-1.5418926877619315e+18,-2.251913,53.4061013,58.0,1.0,POINT (-250681.8070995151 7058471.808907161)
-1.5314147021767683e+18,-2.2819489,53.3988432,92.0,1.0,POINT (-254025.3881955792 7057116.590466051)
-1.5264080191005432e+18,-2.259527,53.4213655,77.0,1.0,POINT (-251529.3937022139 7061322.66553184)
-1.5242544356434435e+18,-2.3016652,53.4221653,102.0,2.0,POINT (-256220.1966721955 7061472.070401709)
-1.4619726709233912e+18,-2.2714959,53.4105526,27.0,4.0,POINT (-252861.7655569763 7059303.061448645)
-1.4449873500311124e+18,-2.2624256,53.403382,64.0,2.0,POINT (-251852.0643793279 7057964.039370636)
-1.3728539880957504e+18,-2.2655739,53.4258465,75.0,3.0,POINT (-252202.5315313109 7062159.765062455)
-1.327355638836e+18,-2.2624699,53.4105728,75.0,2.0,POINT (-251856.9958324176 7059306.833870974)
-1.3090145850073193e+18,-2.2639297,53.4033787,61.0,1.0,POINT (-252019.5000255397 7057963.42318786)
-1.3040551619882468e+18,-2.2579569,53.4105827,69.0,1.0,POINT (-251354.6109701385 7059308.682732082)
-1.2916665188412654e+18,-2.2970507,53.4077952,91.0,2.0,POINT (-255706.5128823012 7058788.123926613)
-1.2834960208387013e+18,-2.280445,53.3988468,56.0,2.0,POINT (-253857.9748132653 7057117.2625938)
-1.2707633408136143e+18,-2.2670844,53.426742,65.0,1.0,POINT (-252370.6796222201 7062327.064779432)
-1.258436531805519e+18,-2.2429957,53.4249958,107.0,1.0,POINT (-249689.1378026802 7062000.838265776)
-1.2273874599884639e+18,-2.254916,53.405196,81.0,2.0,POINT (-251016.0995306306 7058302.760416193)
-1.2222511258673623e+18,-2.2655627,53.4240488,56.0,1.0,POINT (-252201.2847531021 7061823.924554681)
-1.2125214881977265e+18,-2.2639687,53.4096706,15.0,1.0,POINT (-252023.8414853722 7059138.346533575)
-1.166773496888476e+18,-2.2460209,53.4276861,136.0,1.0,POINT (-250025.9015263152 7062503.447895235)
-1.158364526377945e+18,-2.2523338,53.4771097,111.0,1.0,POINT (-250728.6503377644 7071742.573236011)
-1.0964174769787997e+18,-2.235551,53.4393923,88.0,1.0,POINT (-248860.3975883179 7064690.804461079)
-1.070523536778915e+18,-2.2354515,53.4214155,38.0,1.0,POINT (-248849.3212998665 7061332.005588648)
-9.981322558650463e+17,-2.3015634,53.4077838,79.0,1.0,POINT (-256208.8643487344 7058785.995074582)
-9.943563481311644e+17,-2.276143,53.4312156,66.0,1.0,POINT (-253379.0783619601 7063162.887539758)
-9.737522236495149e+17,-2.2896151,53.4203974,18.0,1.0,POINT (-254878.7856753937 7061141.825513126)
-9.47231051617197e+17,-2.2641583,53.4402313,90.0,1.0,POINT (-252044.9476593305 7064847.59855804)
-8.918396923906378e+17,-2.2805278,53.4114306,88.0,13.0,POINT (-253867.1920664873 7059467.032749633)
-8.906415553781548e+17,-2.2822347,53.4419876,71.0,1.0,POINT (-254057.2033039393 7065175.829645799)
-8.892589202696563e+17,-2.2714845,53.4087549,29.0,7.0,POINT (-252860.4965148691 7058967.341703147)
-8.701035168749825e+17,-2.2534225,53.4069969,16.0,1.0,POINT (-250849.843870933 7058639.049637448)
-8.601520540072993e+17,-2.2551799,53.4492393,131.0,1.0,POINT (-251045.4767420928 7066531.227777899)
-8.090254249577434e+17,-2.2775132,53.4105388,65.0,17.0,POINT (-253531.6083293659 7059300.484250256)
-8.026857273822355e+17,-2.294005,53.4024095,53.0,1.0,POINT (-255367.4671092355 7057782.454238635)
-7.94378409436662e+17,-2.3000971,53.4131807,92.0,1.0,POINT (-256045.6365790108 7059793.883592118)
-7.941756719447872e+17,-2.262481,53.4123705,17.0,4.0,POINT (-251858.2314786772 7059642.567965)
-7.558992952802317e+17,-2.271622,53.4303271,78.0,2.0,POINT (-252875.8029437976 7062996.878097491)
-7.340670960861801e+17,-2.2640356,53.4204568,79.0,3.0,POINT (-252031.2887587781 7061152.921249229)
-7.201989482068913e+17,-2.2790176,53.4105353,57.0,11.0,POINT (-253699.0773714253 7059299.830613114)
-6.093026192313531e+17,-2.3060954,53.4104689,86.0,1.0,POINT (-256713.3642812086 7059287.430192986)
-6.045846620482081e+17,-2.2835545,53.41412,81.0,1.0,POINT (-254204.1227693592 7059969.313969065)
-5.999140228121377e+17,-2.2835365,53.4114235,87.0,7.0,POINT (-254202.1190186568 7059465.706772256)
-5.6247069960217626e+17,-2.2579352,53.4069873,143.0,1.0,POINT (-251352.1953373645 7058637.256953557)
-4.664277393599112e+17,-2.2491255,53.443859,126.0,1.0,POINT (-250371.5040168585 7065525.586453454)
-4.1986017639154714e+17,-2.2850409,53.4114199,80.0,5.0,POINT (-254369.5880607161 7059465.034445787)
-4.1702417444741856e+17,-2.2732136,53.4438063,90.0,1.0,POINT (-253052.9790447954 7065515.736833969)
-3.741804154920072e+17,-2.2940546,53.4096003,88.0,1.0,POINT (-255372.9885556275 7059125.218043018)
-1.541227490034445e+17,-2.274493,53.408748,56.0,11.0,POINT (-253195.4012031404 7058966.053158314)
-1.2845659104147075e+17,-2.2955776,53.4122931,81.0,1.0,POINT (-255542.5281400841 7059628.112636604)
-1.1045012333177782e+17,-2.275939,53.3997561,60.0,2.0,POINT (-253356.3691873776 7057287.032684919)
-5.559534301732892e+16,-2.2279857,53.4322162,112.0,1.0,POINT (-248018.2322444248 7063349.846165534)
-2383808716942618.0,-2.259708,53.4510273,88.0,1.0,POINT (-251549.5425285959 7066865.454198954)
3.307107029329175e+16,-2.2985738,53.4104879,86.0,1.0,POINT (-255876.0635987069 7059290.978504006)
5.167713142387786e+16,-2.2760089,53.4105423,65.0,13.0,POINT (-253364.1504192557 7059301.137887454)
6.7320696059877096e+16,-2.2625641,53.4258532,65.0,2.0,POINT (-251867.4821277018 7062161.016761354)
1.0348687054347235e+17,-2.2609656,53.4105761,48.0,1.0,POINT (-251689.5379223076 7059307.450157966)
1.250282542332454e+17,-2.2789999,53.4078387,20.0,13.0,POINT (-253697.1070165703 7058796.247183034)
1.919470700379256e+17,-2.2654506,53.4060719,34.0,1.0,POINT (-252188.8058390647 7058466.318929597)
2.1309344832245936e+17,-2.2865453,53.4114163,71.0,6.0,POINT (-254537.0571027757 7059464.362119376)
2.6263831732325146e+17,-2.26709,53.4276408,61.0,1.0,POINT (-252371.3030113245 7062494.984555075)
2.7199716783968227e+17,-2.2549537,53.411488,76.0,2.0,POINT (-251020.2962751247 7059477.752631139)
3.078532032054812e+17,-2.2655683,53.4249476,94.0,1.0,POINT (-252201.9081422066 7061991.833692561)
3.6545788104166074e+17,-2.274522,53.4132423,61.0,8.0,POINT (-253198.6294681536 7059805.388329169)
3.914647869090168e+17,-2.2670788,53.4258431,63.0,1.0,POINT (-252370.0562331157 7062159.12987205)
3.9224017095204736e+17,-2.2565988,53.4348547,80.0,1.0,POINT (-251203.4279683931 7063842.861810987)
4.0947600084440646e+17,-2.2850229,53.4087234,70.0,6.0,POINT (-254367.5843100137 7058961.459217535)
4.3461660059441536e+17,-2.2669266,53.4015743,51.0,1.0,POINT (-252353.1134078057 7057626.509065354)
5.743784141191667e+17,-2.2564364,53.4078894,100.0,1.0,POINT (-251185.3496844099 7058805.71498891)
6.458548276711831e+17,-2.2550236,53.4231729,53.0,1.0,POINT (-251028.0775069581 7061660.296890755)
8.524899701345134e+17,-2.2686574,53.4375247,125.0,1.0,POINT (-252545.7851808204 7064341.794534259)
9.098023742202029e+17,-2.2474945,53.4222899,55.0,1.0,POINT (-250189.9419283225 7061495.346281588)
9.677799638488275e+17,-2.2759041,53.3943631,83.0,1.0,POINT (-253352.4841374129 7056280.190201257)
1.0363132378032504e+18,-2.2490308,53.4276799,105.0,1.0,POINT (-250360.9620618731 7062502.289556761)
1.0683790282188992e+18,-2.3197018,53.4194218,66.0,1.0,POINT (-258228.021801293 7060959.588667941)
1.073210327316535e+18,-2.2595325,53.4222644,50.0,2.0,POINT (-251530.0059593694 7061490.582753277)
1.0765989780619332e+18,-2.2804154,53.3943525,117.0,1.0,POINT (-253854.6797565579 7056278.211367107)
1.122026596768138e+18,-2.2686063,53.4294351,86.0,3.0,POINT (-252540.0967552364 7062830.218197654)
1.122194721222544e+18,-2.2789469,53.3997491,99.0,6.0,POINT (-253691.2070839541 7057285.72574198)
1.2272142424402644e+18,-2.277648,53.4312121,76.0,1.0,POINT (-253546.6141957141 7063162.233584684)
1.2396782190410872e+18,-2.2733233,53.4608842,30.0,1.0,POINT (-253065.1907921021 7068708.232788622)
1.271329661463e+18,-2.2746611,53.4348145,122.0,1.0,POINT (-253214.1140082678 7063835.350029912)
1.297530427351899e+18,-2.2687085,53.4456142,61.0,1.0,POINT (-252551.4736064047 7065853.639970916)
1.3300904889672835e+18,-2.2624312,53.4042809,56.0,2.0,POINT (-251852.6877684323 7058131.885607359)
1.3971966535908585e+18,-2.2790235,53.4114341,47.0,10.0,POINT (-253699.734156377 7059467.686400529)
1.4010700908808036e+18,-2.2700999,53.427634,80.0,3.0,POINT (-252706.3635468832 7062493.714120685)
1.4040093102714191e+18,-2.3078401,53.443722,150.0,1.0,POINT (-256907.5833952859 7065499.981206163)
1.4718698609225828e+18,-2.271473,53.4069572,10.0,2.0,POINT (-252859.2163408131 7058631.636145216)
1.5463130494011983e+18,-2.2819429,53.3979444,99.0,1.0,POINT (-254024.7202786785 7056948.784347847)
1.6388922407742472e+18,-2.2745046,53.4105457,56.0,7.0,POINT (-253196.6925091457 7059301.772849349)
1.6391678663083118e+18,-2.2820203,53.4096293,60.0,9.0,POINT (-254033.336406694 7059130.633776184)
1.6727815183115863e+18,-2.259538,53.4231632,62.0,3.0,POINT (-251530.6182165246 7061658.484843977)
1.71930534688262e+18,-2.2535242,53.424075,40.0,1.0,POINT (-250861.1650623091 7061828.819051979)
1.8303920100038152e+18,-2.2911136,53.4194949,74.0,1.0,POINT (-255045.5979325014 7060973.24321056)
1.8542188148455872e+18,-2.2746669,53.4357133,118.0,2.0,POINT (-253214.7596612707 7064003.301701087)
1.868635445575148e+18,-2.2609601,53.4096773,40.0,1.0,POINT (-251688.9256651523 7059139.597756421)
1.878073865649756e+18,-2.2595106,53.418669,87.0,3.0,POINT (-251527.5680626971 7060818.972524423)
1.8815983453990292e+18,-2.2610648,53.4267553,82.0,2.0,POINT (-251700.5808150017 7062329.549547688)
1.9186760131474184e+18,-2.2820322,53.411427,72.0,8.0,POINT (-254034.6611085466 7059466.360423052)
1.9427400066806523e+18,-2.2310203,53.4367046,97.0,1.0,POINT (-248356.0423711845 7064188.542237145)
1.950092272328796e+18,-2.2625697,53.426752,61.0,1.0,POINT (-251868.1055168061 7062328.933026169)
1.9593130531760924e+18,-2.2054135,53.4331561,85.0,1.0,POINT (-245505.5064326564 7063525.467217002)
1.9726204682716588e+18,-2.2460365,53.4303826,92.0,1.0,POINT (-250027.6381102392 7063007.247746965)
1.9978870894623053e+18,-2.2324225,53.417826,72.0,2.0,POINT (-248512.1345622114 7060661.510802252)
2.011547966707298e+18,-2.2385013,53.4286002,225.0,1.0,POINT (-249188.8234827539 7062674.229941944)
2.0201258376488975e+18,-2.2761779,53.4366087,128.0,1.0,POINT (-253382.9634119253 7064170.621573174)
2.0425581760060657e+18,-2.292575,53.4131994,81.0,1.0,POINT (-255208.2802367641 7059797.376099822)
2.0494710605154248e+18,-2.2626196,53.4348416,77.0,2.0,POINT (-251873.6603590008 7063840.41394125)
2.0690500941227208e+18,-2.2940174,53.4042072,202.0,4.0,POINT (-255368.8474708335 7058118.123912666)
2.1038506371197755e+18,-2.2701741,53.439319,104.0,2.0,POINT (-252714.6234525287 7064677.106149225)
2.123037964926902e+18,-2.2880314,53.4087161,58.0,2.0,POINT (-254702.4889982852 7058960.095975461)
2.1240801819791675e+18,-2.2400721,53.4402822,63.0,1.0,POINT (-249363.6841384283 7064857.110957224)
2.2170348466823048e+18,-2.2400062,53.4285972,105.0,1.0,POINT (-249356.3481845583 7062673.669443513)
2.2375307675141883e+18,-2.273179,53.4384133,111.0,1.0,POINT (-253049.1273906773 7064507.850782207)
2.244086235940657e+18,-2.2865634,53.4141128,82.0,2.0,POINT (-254539.0719854271 7059967.969230927)
2.2706362700511916e+18,-2.2910645,53.4123042,70.0,1.0,POINT (-255040.1321458547 7059630.18568596)
2.2879851261699653e+18,-2.2656244,53.4339361,43.0,1.0,POINT (-252208.1531652003 7063671.213777888)
2.2895820729624369e+18,-2.2384408,53.4178141,107.0,1.0,POINT (-249182.0886540904 7060659.288055385)
2.373674782415587e+18,-2.2610372,53.4222611,60.0,1.0,POINT (-251697.5083972758 7061489.966296876)
2.388967691014492e+18,-2.2685836,53.4258398,77.0,5.0,POINT (-252537.5698029713 7062158.513363757)
2.4091447145558554e+18,-2.2521685,53.4492457,110.0,1.0,POINT (-250710.2492272981 7066532.424088959)
2.4128456972569595e+18,-2.285065,53.4150153,63.0,4.0,POINT (-254372.2708602685 7060136.530198446)
2.464739337659654e+18,-2.2806996,53.437497,118.0,1.0,POINT (-253886.3167537317 7064336.618180022)
2.47255900594729e+18,-2.2834588,53.3997385,100.0,2.0,POINT (-254193.4694947938 7057283.746657368)
2.4766142035916774e+18,-2.2761954,53.4393052,84.0,1.0,POINT (-253384.9115028826 7064674.527206385)
2.483096042101986e+18,-2.2805456,53.4141271,55.0,5.0,POINT (-253869.1735532915 7059970.640030506)
2.499403103034559e+18,-2.28808,53.4159069,55.0,3.0,POINT (-254707.8991251863 7060303.058872962)
2.5024859870159785e+18,-2.2729945,53.4096503,36.0,6.0,POINT (-253028.5889460329 7059134.555516296)
2.546447554292367e+18,-2.2340556,53.441193,49.0,1.0,POINT (-248693.9304215879 7065027.326898733)
2.569002052646554e+18,-2.2655515,53.4222511,70.0,1.0,POINT (-252200.0379748934 7061488.098247488)
2.576591799082665e+18,-2.3001161,53.4158772,74.0,1.0,POINT (-256047.7516492042 7060297.511596541)
2.593874500527088e+18,-2.2684929,53.4114583,57.0,4.0,POINT (-252527.4731258606 7059472.205931063)
2.60256153904386e+18,-2.2655795,53.4267453,63.0,2.0,POINT (-252203.1549204154 7062327.68130081)
2.6073683718618813e+18,-2.2715017,53.4114515,58.0,6.0,POINT (-252862.4112099788 7059470.935980075)
2.6197959378939054e+18,-2.2685893,53.4267386,41.0,4.0,POINT (-252538.2043240248 7062326.429575646)
2.6745801424573824e+18,-2.3000781,53.4104842,103.0,1.0,POINT (-256043.5215088173 7059290.287516998)
2.674822763020855e+18,-2.2849687,53.4006338,54.0,6.0,POINT (-254361.5507940084 7057450.906365717)
2.730522490691058e+18,-2.2910829,53.4150007,80.0,1.0,POINT (-255042.1804243536 7060133.803311167)
2.776124305548314e+18,-2.2745104,53.4114446,53.0,12.0,POINT (-253197.3381621482 7059469.647353541)
2.8613017219933875e+18,-2.2849627,53.3997349,93.0,2.0,POINT (-254360.8828771077 7057283.074515538)
2.8844374619500355e+18,-2.2325207,53.4358029,92.0,1.0,POINT (-248523.0661353243 7064020.044741135)
2.968887566554639e+18,-2.2656187,53.4330372,68.0,1.0,POINT (-252207.5186441467 7063503.250444768)
3.009794508448604e+18,-2.2384811,53.4250049,110.0,3.0,POINT (-249186.5748292164 7062002.538300448)
3.062969458985924e+18,-2.2849567,53.3988361,65.0,2.0,POINT (-254360.2149602069 7057115.264880937)
3.0871123551221376e+18,-2.2835186,53.4087269,85.0,19.0,POINT (-254200.1263999034 7058962.112826835)
3.1102304724397194e+18,-2.2819608,53.4006409,73.0,3.0,POINT (-254026.7128974316 7057452.232006827)
3.219679103544351e+18,-2.2971008,53.4149859,35.0,1.0,POINT (-255712.0899884388 7060131.039070223)
3.222282463000109e+18,-2.2790117,53.4096364,39.0,15.0,POINT (-253698.4205864736 7059131.959697621)
3.264365294101991e+18,-2.2730003,53.4105492,56.0,14.0,POINT (-253029.2345990354 7059302.426486647)
3.2927542499151263e+18,-2.2219935,53.4376206,60.0,1.0,POINT (-247351.1835909905 7064359.715584527)
3.3076201063470106e+18,-2.2518918,53.4025059,97.0,1.0,POINT (-250679.4471264869 7057800.45385423)
3.3264424159854054e+18,-2.2910583,53.4114054,72.0,3.0,POINT (-255039.4419650557 7059462.326464751)
3.3330363807107743e+18,-2.2850289,53.4096222,91.0,9.0,POINT (-254368.2522269147 7059129.307854967)
3.344460366490965e+18,-2.2925257,53.4060086,47.0,1.0,POINT (-255202.7921862193 7058454.498684638)
3.428459109311216e+18,-2.2626085,53.4330439,169.0,1.0,POINT (-251872.4247127409 7063504.502355432)
3.4742340791856113e+18,-2.2686971,53.4438166,82.0,1.0,POINT (-252550.2045642974 7065517.661900952)
3.5090246958180787e+18,-2.2385516,53.4375887,88.0,1.0,POINT (-249194.4228526996 7064353.754354771)
3.54887943827216e+18,-2.26403,53.4195579,8.0,1.0,POINT (-252030.6653696735 7060985.011166242)
3.556048448353559e+18,-2.2864667,53.3997313,110.0,1.0,POINT (-254528.3073913707 7057282.402373765)
3.654799337265088e+18,-2.2655907,53.428543,81.0,5.0,POINT (-252204.4016986245 7062663.543111931)
3.6983011930359793e+18,-2.2638796,53.3952891,77.0,1.0,POINT (-252013.9229194479 7056453.060071217)
3.721020951281224e+18,-2.2642029,53.447422,203.0,1.0,POINT (-252049.9125082685 7066191.538797076)
3.7625095051863823e+18,-2.2774488,53.4006515,13.0,1.0,POINT (-253524.4393546428 7057454.211133412)
3.790715081734303e+18,-2.298599,53.4140833,91.0,1.0,POINT (-255878.8688496994 7059962.459542331)
3.796949023131756e+18,-2.264108,53.4321417,116.0,2.0,POINT (-252039.3482893394 7063335.925948593)
3.8037553518916424e+18,-2.2805101,53.408734,58.0,19.0,POINT (-253865.2217116322 7058963.438720149)
3.864041440458894e+18,-2.2807056,53.4383958,165.0,1.0,POINT (-253886.9846706326 7064504.580453528)
3.865591119366498e+18,-2.255029,53.4240718,65.0,1.0,POINT (-251028.6786321644 7061828.221250617)
3.8710057427382574e+18,-2.281937,53.3970455,96.0,1.0,POINT (-254024.0634937267 7056780.963104402)
3.915512869213211e+18,-2.2640746,53.4267487,91.0,3.0,POINT (-252035.6302186108 7062328.316504694)
3.940474903931937e+18,-2.2354863,53.4277074,84.0,1.0,POINT (-248853.1952178371 7062507.427349683)
3.9490382252660393e+18,-2.2924701,53.397919,154.0,1.0,POINT (-255196.6028229266 7056944.042214959)
3.9698615426432707e+18,-2.2835485,53.4132212,54.0,6.0,POINT (-254203.4548524584 7059801.447581325)
4.086883296991668e+18,-2.2565284,53.4231697,67.0,3.0,POINT (-251195.5910768136 7061659.699102081)
4.0921118839321513e+18,-2.2835425,53.4123223,82.0,3.0,POINT (-254202.7869355578 7059633.566064902)
4.12558648965569e+18,-2.2684873,53.4105594,44.0,2.0,POINT (-252526.849736756 7059304.331372793)
4.136874467411105e+18,-2.2671577,53.4384269,87.0,1.0,POINT (-252378.8393403237 7064510.392295713)
4.224242856455708e+18,-2.2819548,53.3997421,92.0,8.0,POINT (-254026.0449805308 7057284.418799261)
4.271675165908857e+18,-2.2624201,53.4024832,60.0,2.0,POINT (-251851.4521221727 7057796.215351868)
4.33281401022256e+18,-2.2805041,53.4078352,39.0,20.0,POINT (-253864.5537947314 7058795.593587385)
4.364893030619671e+18,-2.2759332,53.3988573,58.0,1.0,POINT (-253355.7235343748 7057119.22296672)
4.504623245995873e+18,-2.2701113,53.4294317,55.0,1.0,POINT (-252707.6325889903 7062829.58295362)
4.521266347863023e+18,-2.2820381,53.4123259,102.0,5.0,POINT (-254035.3178934983 7059634.238405636)
4.576024703511445e+18,-2.2640634,53.424951,83.0,2.0,POINT (-252034.383440402 7061992.468869591)
4.620571431220991e+18,-2.2625475,53.4231566,172.0,6.0,POINT (-251865.6342242867 7061657.251905167)
4.728380058564738e+18,-2.2595982,53.4330505,114.0,1.0,POINT (-251537.3196493862 7063505.735581053)
4.736772389836995e+18,-2.2882686,53.4437709,84.0,1.0,POINT (-254728.8939797901 7065509.120587886)
4.743227286832868e+18,-2.2774781,53.4051457,3.0,4.0,POINT (-253527.7010155031 7058293.367901643)
4.752830125885519e+18,-2.2671013,53.4294385,74.0,1.0,POINT (-252372.5609214826 7062830.853441739)
4.777511861683041e+18,-2.2759914,53.4078457,87.0,50.0,POINT (-253362.202328299 7058797.554374499)
4.813159392861824e+18,-2.2807233,53.4410923,84.0,1.0,POINT (-253888.955025488 7065008.507280443)
4.829307313870339e+18,-2.3077166,53.4266441,68.0,1.0,POINT (-256893.835439004 7062308.774667077)
4.844095113545219e+18,-2.2340259,53.4357999,77.0,1.0,POINT (-248690.6242329759 7064019.484147706)
4.875467706093793e+18,-2.2565934,53.4339558,121.0,2.0,POINT (-251202.8268431868 7063674.89484736)
4.915496558706316e+18,-2.272983,53.4078526,36.0,7.0,POINT (-253027.3087719767 7058798.842892001)
4.935823284298679e+18,-2.2535188,53.4231761,38.0,1.0,POINT (-250860.5639371028 7061660.894679474)
4.947301433501199e+18,-2.2775074,53.4096399,82.0,25.0,POINT (-253530.9626763633 7059132.61332095)
4.979797056913477e+18,-2.2910338,53.40781,39.0,1.0,POINT (-255036.7146377069 7058790.887700283)
5.00143856579247e+18,-2.2385567,53.4384875,90.0,1.0,POINT (-249194.9905820588 7064521.716990748)
5.003222950860179e+18,-2.2716679,53.4375179,181.0,2.0,POINT (-252880.9125080735 7064340.523804387)
5.044977754258838e+18,-2.2415928,53.4429757,67.0,1.0,POINT (-249532.9676880552 7065360.49946981)
5.068586746212903e+18,-2.2820441,53.4132247,82.0,3.0,POINT (-254035.9858103991 7059802.101259744)
5.088858815127455e+18,-2.2370614,53.4402882,84.0,1.0,POINT (-249028.5345472777 7064858.232262392)
5.090933542953085e+18,-2.2759973,53.4087446,48.0,26.0,POINT (-253362.8591132505 7058965.418223249)
5.1081030083322e+18,-2.2565176,53.421372,84.0,1.0,POINT (-251194.3888264012 7061323.879738604)
5.117054361211376e+18,-2.2850349,53.410521,100.0,6.0,POINT (-254368.9201438155 7059297.160039079)
5.129489803469691e+18,-2.2746437,53.4321179,72.0,1.0,POINT (-253212.1770492599 7063331.478958246)
5.17394474541024e+18,-2.2610152,53.4186657,41.0,2.0,POINT (-251695.0593686543 7060818.356120151)
5.189994925025352e+18,-2.2564255,53.4060917,127.0,2.0,POINT (-251184.1363020485 7058470.016261013)
5.190976375843751e+18,-2.2654786,53.4105662,27.0,1.0,POINT (-252191.9227845868 7059305.601297145)
5.268189562357837e+18,-2.2716278,53.431226,73.0,1.0,POINT (-252876.4485968003 7063164.830720874)
5.287792171290239e+18,-2.2174684,53.4358312,262.0,1.0,POINT (-246847.4517629618 7064025.333007756)
5.293952745868111e+18,-2.2624533,53.4078763,61.0,1.0,POINT (-251855.1479290026 7058803.268671125)
5.306168693943068e+18,-2.2654394,53.4042742,45.0,4.0,POINT (-252187.559060856 7058130.634543223)
5.332818407490086e+18,-2.2655458,53.4213523,98.0,4.0,POINT (-252199.4034538397 7061320.199758673)
5.363137156921496e+18,-2.2775015,53.4087411,63.0,26.0,POINT (-253530.3058914117 7058964.764613681)
5.468445250962449e+18,-2.2506257,53.442957,119.0,1.0,POINT (-250538.5055171004 7065357.00451481)
5.470786643875219e+18,-2.2611144,53.4348449,19.0,1.0,POINT (-251706.1022613488 7063841.03058012)
5.472887321230796e+18,-2.2986053,53.4149821,70.0,1.0,POINT (-255879.5701624476 7060130.329332841)
5.480973216696865e+18,-2.2834887,53.4042327,3.0,2.0,POINT (-254196.7979473485 7058122.885418992)
5.496062591520975e+18,-2.2370163,53.4321986,123.0,1.0,POINT (-249023.5140386397 7063346.557628863)
5.587628396275937e+18,-2.2744872,53.4078492,46.0,15.0,POINT (-253194.7555501377 7058798.207970305)
5.592115707160565e+18,-2.2699745,53.4078595,10.0,1.0,POINT (-252692.4040837055 7058800.131409726)
5.612041608555156e+18,-2.2460001,53.4240907,93.0,2.0,POINT (-250023.586081083 7061831.752015539)
5.647217414542815e+18,-2.2609216,53.4033853,77.0,1.0,POINT (-251684.6398650654 7057964.655553457)
5.668853858829251e+18,-2.2849507,53.3979372,121.0,1.0,POINT (-254359.5470433064 7056947.440120915)
5.726773707050737e+18,-2.2760206,53.4123399,73.0,12.0,POINT (-253365.4528572101 7059636.853064585)
5.736598282764538e+18,-2.2627417,53.454616,133.0,1.0,POINT (-251887.2524678599 7067536.323483897)
5.749464968298724e+18,-2.2834528,53.3988397,82.0,2.0,POINT (-254192.8015778931 7057115.937008579)
5.808039049211021e+18,-2.2310154,53.4358058,158.0,1.0,POINT (-248355.4969057235 7064020.586648157)
5.898746799275918e+18,-2.2822765,53.4482795,86.0,1.0,POINT (-254061.8564583476 7066351.820539503)
5.929106712768067e+18,-2.2686177,53.4312328,54.0,2.0,POINT (-252541.3657973436 7063166.101262623)
6.065747358238092e+18,-2.2821989,53.4365946,55.0,1.0,POINT (-254053.2180664321 7064167.986734429)
6.12760181700655e+18,-2.2791825,53.4357028,46.0,1.0,POINT (-253717.4339542268 7064001.339628384)
6.133815442277616e+18,-2.2475415,53.4303795,92.0,1.0,POINT (-250195.1739439927 7063006.668540962)
6.18600730585379e+18,-2.2310838,53.4483896,74.0,1.0,POINT (-248363.1111582763 7066372.400388392)
6.195611650876767e+18,-2.2744814,53.4069504,5.0,1.0,POINT (-253194.1098971351 7058630.366328605)
6.234859377336439e+18,-2.2369463,53.4196148,137.0,2.0,POINT (-249015.7216749021 7060995.639699903)
6.28677990924082e+18,-2.2805337,53.4123294,35.0,5.0,POINT (-253867.8488514389 7059634.892070291)
6.322124711204848e+18,-2.2385416,53.435791,114.0,1.0,POINT (-249193.3096578799 7064017.821054095)
6.383070565859696e+18,-2.2939926,53.4006119,120.0,2.0,POINT (-255366.0867476375 7057446.817417751)
6.419323174849324e+18,-2.2639631,53.4087718,27.0,2.0,POINT (-252023.218096268 7058970.497705163)
6.490642147098197e+18,-2.2580386,53.4240653,18.0,2.0,POINT (-251363.7057718753 7061827.006966747)
6.502269602544244e+18,-2.2776891,53.437504,73.0,1.0,POINT (-253551.1894264783 7064337.926283662)
6.50452914490822e+18,-2.2655402,53.4204534,22.0,1.0,POINT (-252198.7800647354 7061152.286139337)
6.531833516955833e+18,-2.2806759,53.4339016,66.0,1.0,POINT (-253883.6784819753 7063664.767239005)
6.532528607631363e+18,-2.2850168,53.4078245,13.0,1.0,POINT (-254366.9052611639 7058793.595452444)
6.558309216546044e+18,-2.2624367,53.4051797,70.0,1.0,POINT (-251853.3000255875 7058299.716717414)
6.559369828437616e+18,-2.2818776,53.3880571,78.0,1.0,POINT (-254017.451116414 7055103.057595094)
6.563400240211242e+18,-2.2324814,53.4286121,121.0,1.0,POINT (-248518.6912796893 7062676.453252793)
6.61769413550392e+18,-2.2355013,53.4304039,134.0,1.0,POINT (-248854.8650100665 7063011.227453862)
6.62191640155041e+18,-2.2384358,53.4169153,45.0,1.0,POINT (-249181.5320566807 7060491.407085509)
6.628683474516176e+18,-2.2505093,53.4231825,22.0,1.0,POINT (-250525.547929341 7061662.090257046)
6.661892175706904e+18,-2.2925936,53.4158959,44.0,1.0,POINT (-255210.3507791611 7060301.004325691)
6.685257941641e+18,-2.2895479,53.4105102,59.0,2.0,POINT (-254871.3050060954 7059295.143102632)
6.69540192419928e+18,-2.2776539,53.432111,86.0,1.0,POINT (-253547.270980666 7063330.189705209)
6.695669323658142e+18,-2.2880618,53.4132103,74.0,3.0,POINT (-254705.8731105858 7059799.411840317)
6.747487253573519e+18,-2.2671521,53.4375281,86.0,1.0,POINT (-252378.2159512192 7064342.429899276)
6.767299994667766e+18,-2.2609766,53.4123738,24.0,1.0,POINT (-251690.7624366181 7059643.184278036)
6.801987873658482e+18,-2.2834648,53.4006373,52.0,2.0,POINT (-254194.1374116945 7057451.559850744)
6.805972097028033e+18,-2.2940608,53.4104991,81.0,1.0,POINT (-255373.6787364265 7059293.070140705)
6.817970204625826e+18,-2.2762596,53.4491924,60.0,1.0,POINT (-253392.0582137088 7066522.461066366)
6.837455601937207e+18,-2.2369913,53.4277044,59.0,1.0,POINT (-249020.7310515905 7062506.86686302)
6.857776611426452e+18,-2.239986,53.4250018,129.0,2.0,POINT (-249354.0995310206 7062001.959167715)
7.017646126747675e+18,-2.2837162,53.4383887,105.0,3.0,POINT (-254222.1231298352 7064503.25363485)
7.05146000422745e+18,-2.2744409,53.4006584,24.0,1.0,POINT (-253189.6014580663 7057455.499433057)
7.054389961917108e+18,-2.2986431,53.4203752,33.0,1.0,POINT (-255883.7780389362 7061137.678625832)
7.061379916810712e+18,-2.2971322,53.4194801,63.0,1.0,POINT (-255715.5854202305 7060970.478677469)
7.065482650193608e+18,-2.2834409,53.397042,111.0,2.0,POINT (-254191.4768760407 7056780.309674533)
7.181367610090919e+18,-2.2610262,53.4204634,71.0,5.0,POINT (-251696.283882965 7061154.154109756)
7.200972743470561e+18,-2.2731732,53.4375144,159.0,1.0,POINT (-253048.4817376748 7064339.869752328)
7.307523009065219e+18,-2.2491518,53.4483532,141.0,1.0,POINT (-250374.4317192463 7066365.596508753)
7.333750788004378e+18,-2.2820084,53.4078317,15.0,7.0,POINT (-254032.0117048415 7058794.939991785)
7.375910396340187e+18,-2.2714787,53.4078561,58.0,12.0,POINT (-252859.8508618666 7058799.496487923)
7.387672678771811e+18,-2.2731905,53.440211,110.0,1.0,POINT (-253050.4075647338 7064843.804814577)
7.44025541745218e+18,-2.2895418,53.4096113,66.0,1.0,POINT (-254870.6259572454 7059127.272286197)
7.455604495458029e+18,-2.2384761,53.424106,110.0,1.0,POINT (-249186.0182318065 7061834.610254953)
7.480125240018e+18,-2.2414602,53.4196057,120.0,1.0,POINT (-249518.2067247224 7060993.939880734)
7.552825825065496e+18,-2.2804331,53.3970491,94.0,2.0,POINT (-253856.6501114129 7056781.635203762)
7.604098981305784e+18,-2.2835306,53.4105246,104.0,7.0,POINT (-254201.4622337051 7059297.832351339)
7.70311532641504e+18,-2.2565122,53.4204732,89.0,1.0,POINT (-251193.7877011951 7061155.984721187)
7.754654589363495e+18,-2.2716106,53.4285295,93.0,2.0,POINT (-252874.5339016905 7062661.020872677)
7.78287449956744e+18,-2.2371416,53.4546696,152.0,1.0,POINT (-249037.4623697345 7067546.343863093)
7.782881528810355e+18,-2.2940919,53.4149933,70.0,1.0,POINT (-255377.1407723707 7060132.421190579)
7.845229452438435e+18,-2.2759099,53.3952619,58.0,1.0,POINT (-253353.1297904155 7056447.982198625)
7.853108016871907e+18,-2.2879706,53.3997277,86.0,1.0,POINT (-254695.7207736845 7057281.730232045)
7.887452235174274e+18,-2.28205,53.4141236,55.0,1.0,POINT (-254036.6425953507 7059969.986338211)
7.954574744593502e+18,-2.2611089,53.433946,28.0,1.0,POINT (-251705.4900041934 7063673.063655231)
7.958228763456461e+18,-2.2504036,53.4052056,81.0,1.0,POINT (-250513.7814600464 7058304.553024601)
8.034210142837126e+18,-2.273006,53.411448,50.0,9.0,POINT (-253029.8691200891 7059470.282328906)
8.051937357357747e+18,-2.2444695,53.4195996,62.0,1.0,POINT (-249853.2004685858 7060992.800441714)
8.072546588513413e+18,-2.245995,53.4231919,108.0,1.0,POINT (-250023.0183517241 7061663.846261931)
8.08104057865631e+18,-2.2579188,53.4042907,57.0,1.0,POINT (-251350.369697848 7058133.715522422)
8.095299380258925e+18,-2.2596202,53.4366458,11.0,1.0,POINT (-251539.7686780077 7064177.554379995)
8.13666501568698e+18,-2.2879767,53.4006265,29.0,1.0,POINT (-254696.3998225345 7057449.543382823)
8.258397167436814e+18,-2.3044883,53.3960912,49.0,1.0,POINT (-256534.4627281463 7056602.802769109)
8.258526932177715e+18,-2.2490413,53.4294776,38.0,1.0,POINT (-250362.1309164383 7062838.158752367)
8.28959597842336e+18,-2.270003,53.4123537,49.0,8.0,POINT (-252695.576688973 7059639.430372107)
8.313083513856907e+18,-2.2852215,53.4383851,145.0,1.0,POINT (-254389.6923594365 7064502.580881803)
8.348876262697287e+18,-2.2865694,53.4150116,70.0,2.0,POINT (-254539.7399023279 7060135.83913788)
8.390588510712099e+18,-2.2699973,53.4114549,59.0,5.0,POINT (-252694.9421679197 7059471.570955548)
8.42856210630621e+18,-2.3001225,53.416776,32.0,1.0,POINT (-256048.4640939016 7060465.388468281)
8.439564847778174e+18,-2.2865574,53.413214,73.0,4.0,POINT (-254538.4040685263 7059800.10287161)
8.472544758162133e+18,-2.2671803,53.4420223,52.0,1.0,POINT (-252381.3551606399 7065182.314789886)
8.48320689961488e+18,-2.2822049,53.4374934,54.0,1.0,POINT (-254053.8859833329 7064335.945441091)
8.549456409320923e+18,-2.2684816,53.4096606,24.0,1.0,POINT (-252526.2152157025 7059136.479037154)
8.570212954201844e+18,-2.280753,53.4455865,102.0,1.0,POINT (-253892.2612141452 7065848.46263101)
8.625325334880851e+18,-2.2729772,53.4069538,15.0,1.0,POINT (-253026.6631189742 7058631.001236885)
8.633174589380685e+18,-2.2579515,53.4096838,59.0,1.0,POINT (-251354.0098449322 7059140.811629521)
8.670404234424252e+18,-2.2400113,53.4294961,74.0,1.0,POINT (-249356.9159139172 7062841.615231603)
8.68560051705832e+18,-2.2655963,53.4294419,38.0,1.0,POINT (-252205.0250877289 7062831.488685874)
8.867832148180702e+18,-2.2806818,53.4348005,66.0,2.0,POINT (-253884.3352669272 7063832.733988422)
8.887630021132658e+18,-2.2340753,53.4447883,88.0,1.0,POINT (-248696.1234153801 7065699.274449102)
8.947425011782819e+18,-2.2864606,53.3988325,78.0,1.0,POINT (-254527.6283425207 7057114.592753367)
8.958738757032522e+18,-2.2549429,53.4096903,37.0,1.0,POINT (-251019.0940247124 7059142.025502811)
9.124723498899169e+18,-2.2716163,53.4294283,65.0,1.0,POINT (-252875.168422744 7062828.947709637)
9.172017330033299e+18,-2.2941167,53.4185887,67.0,1.0,POINT (-255379.9014955668 7060803.973367363)
9.19603392464081e+18,-2.2551368,53.4420486,56.0,1.0,POINT (-251040.6788723916 7065187.230046707)
